gemeratopm, max, min, mean, standev
0, NaN, NaN, NaN, NaN
1, 13498.116739, 3704.831855, 6984.657758, 3448.940007
2, 6351.425463, 4996.285016, 5539.881019, 716.204358
