gemeratopm, max, min, mean, standev
0, NaN, NaN, NaN, NaN
1, 3399.000000, 1060.000000, 1673.000000, 814.621180
2, 3746.000000, 1243.000000, 2413.000000, 1207.520048
