gemeratopm, max, min, mean, standev
0, 0.599474, 0.599474, 0.599474, 0.000000
