gemeratopm, max, min, mean, standev
0, 0.250000, 0.250000, 0.250000, 0.000000
