gemeratopm, max, min, mean, standev
0, 101.000000, 101.000000, 101.000000, 0.000000
