gemeratopm, max, min, mean, standev
0, 49.900000, 49.900000, 49.900000, 0.000000
