gemeratopm, max, min, mean, standev
1, 0.400000, 0.000000, 0.266667, 0.180534
2, 0.400000, 0.300000, 0.350000, 0.070711
