gemeratopm, max, min, mean, standev
0, NaN, NaN, NaN, NaN
1, 0.000000, 0.000000, 0.000000, 0.000000
2, 0.200000, 0.000000, 0.100000, 0.141421
3, 0.000000, 0.000000, 0.000000, 0.000000
