gemeratopm, max, min, mean, standev
0, NaN, NaN, NaN, NaN
1, 0.000000, 0.000000, 0.000000, 0.000000
2, 3.000000, 0.000000, 1.500000, 2.121320
3, 0.000000, 0.000000, 0.000000, 0.000000
