gemeratopm, max, min, mean, standev
1, 2.500000, 1.000000, 2.125000, 0.750000
2, 3.000000, 2.000000, 2.500000, 0.707107
