gemeratopm, max, min, mean, standev
0, NaN, NaN, NaN, NaN
1, 1.000000, 1.000000, 1.000000, 0.000000
2, 1.500000, 1.000000, 1.250000, 0.353553
3, 1.000000, 1.000000, 1.000000, 0.000000
