gemeratopm, max, min, mean, standev
1, 6.000000, 0.000000, 4.000000, 2.708013
2, 6.000000, 4.500000, 5.250000, 1.060660
