gemeratopm, max, min, mean, standev
0, NaN, NaN, NaN, NaN
1, 4252.000000, 1288.000000, 2698.750000, 1245.402044
2, 3284.000000, 1711.000000, 2497.500000, 1112.278967
3, 1391.000000, 1146.000000, 1268.500000, 173.241161
