gemeratopm, max, min, mean, standev
1, 2228.000000, 1536.000000, 1884.500000, 355.363194
2, 1875.000000, 1286.000000, 1580.500000, 416.485894
