gemeratopm, max, min, mean, standev
0, NaN, NaN, NaN, NaN
1, 1.000000, 1.000000, 1.000000, 0.000000
2, 1.000000, 1.000000, 1.000000, 0.000000
3, 2.000000, 1.000000, 1.500000, 0.707107
