gemeratopm, max, min, mean, standev
0, NaN, NaN, NaN, NaN
1, 0.000000, 0.000000, 0.000000, 0.000000
2, 0.000000, 0.000000, 0.000000, 0.000000
3, 0.500000, 0.000000, 0.250000, 0.353553
