gemeratopm, max, min, mean, standev
0, NaN, NaN, NaN, NaN
1, 2523.000000, 1203.000000, 1735.500000, 628.982512
2, 2777.000000, 1080.000000, 1928.500000, 1199.960208
3, 2232.000000, 1627.000000, 1929.500000, 427.799603
