gemeratopm, max, min, mean, standev
1, 1291.000000, 1119.000000, 1199.750000, 70.481085
2, 3318.000000, 1004.000000, 2161.000000, 1636.245092
