gemeratopm, max, min, mean, standev
0, NaN, NaN, NaN, NaN
1, 12286.392777, 1571.047668, 5468.329422, 3896.200788
2, 24747.688725, 8716.350937, 18829.099663, 8800.237456
