gemeratopm, max, min, mean, standev
0, NaN, NaN, NaN, NaN
1, 0.000000, 0.000000, 0.000000, 0.000000
2, 0.133333, 0.000000, 0.066667, 0.076980
