gemeratopm, max, min, mean, standev
0, NaN, NaN, NaN, NaN
1, 2100.000000, 759.000000, 1462.000000, 446.969798
2, 1813.000000, 1097.000000, 1495.500000, 306.016884
