gemeratopm, max, min, mean, standev
0, NaN, NaN, NaN, NaN
1, 34997.181490, 991.943902, 11836.934751, 12937.508522
2, 37497.817698, 18506.496007, 29654.130109, 9917.389869
