gemeratopm, max, min, mean, standev
0, NaN, NaN, NaN, NaN
1, 0.133333, 0.000000, 0.038095, 0.052453
2, 0.133333, 0.000000, 0.083333, 0.063828
