gemeratopm, max, min, mean, standev
0, NaN, NaN, NaN, NaN
1, 2.000000, 0.000000, 0.571429, 0.786796
2, 2.000000, 0.000000, 1.250000, 0.957427
