gemeratopm, max, min, mean, standev
0, NaN, NaN, NaN, NaN
1, 0.500000, 0.000000, 0.214286, 0.267261
2, 1.000000, 0.000000, 0.625000, 0.478714
