gemeratopm, max, min, mean, standev
0, NaN, NaN, NaN, NaN
1, 1.000000, 0.000000, 0.142857, 0.377964
2, 1.000000, 0.000000, 0.375000, 0.478714
