gemeratopm, max, min, mean, standev
0, NaN, NaN, NaN, NaN
1, 1801.000000, 1091.000000, 1492.142857, 282.840019
2, 2031.000000, 1284.000000, 1636.000000, 347.012968
