gemeratopm, max, min, mean, standev
0, NaN, NaN, NaN, NaN
1, 4510.000000, 1365.000000, 2621.000000, 1128.039184
