gemeratopm, max, min, mean, standev
0, 11.000000, 11.000000, 11.000000, 0.000000
