gemeratopm, max, min, mean, standev
0, 0.786667, 0.786667, 0.786667, 0.000000
