gemeratopm, max, min, mean, standev
0, 0.820000, 0.820000, 0.820000, 0.000000
