gemeratopm, max, min, mean, standev
0, 126.000000, 126.000000, 126.000000, 0.000000
