gemeratopm, max, min, mean, standev
0, 0.050000, 0.050000, 0.050000, 0.000000
