gemeratopm, max, min, mean, standev
0, 122.000000, 122.000000, 122.000000, 0.000000
