gemeratopm, max, min, mean, standev
0, 58.900000, 58.900000, 58.900000, 0.000000
