gemeratopm, max, min, mean, standev
0, 60.950000, 60.950000, 60.950000, 0.000000
