gemeratopm, max, min, mean, standev
0, 0.840000, 0.840000, 0.840000, 0.000000
