gemeratopm, max, min, mean, standev
0, 0.150000, 0.150000, 0.150000, 0.000000
