gemeratopm, max, min, mean, standev
0, 129.000000, 129.000000, 129.000000, 0.000000
