gemeratopm, max, min, mean, standev
0, 62.450000, 62.450000, 62.450000, 0.000000
