gemeratopm, max, min, mean, standev
0, 0.574737, 0.574737, 0.574737, 0.000000
