gemeratopm, max, min, mean, standev
0, 0.200000, 0.200000, 0.200000, 0.000000
