gemeratopm, max, min, mean, standev
0, 47.950000, 47.950000, 47.950000, 0.000000
