gemeratopm, max, min, mean, standev
0, NaN, NaN, NaN, NaN
1, 0.210526, 0.000000, 0.062281, 0.083312
2, 0.300000, 0.031579, 0.149123, 0.137280
