gemeratopm, max, min, mean, standev
0, NaN, NaN, NaN, NaN
1, 0.333333, 0.000000, 0.088889, 0.131092
2, 0.333333, 0.066667, 0.177778, 0.138778
