gemeratopm, max, min, mean, standev
0, NaN, NaN, NaN, NaN
1, 5.000000, 0.000000, 1.333333, 1.966384
2, 5.000000, 1.000000, 2.666667, 2.081666
