gemeratopm, max, min, mean, standev
0, NaN, NaN, NaN, NaN
1, 2.500000, 1.000000, 1.250000, 0.612372
2, 2.500000, 1.000000, 1.500000, 0.866025
