gemeratopm, max, min, mean, standev
0, NaN, NaN, NaN, NaN
1, 0.500000, 0.000000, 0.166667, 0.258199
2, 1.500000, 0.000000, 0.666667, 0.763763
