gemeratopm, max, min, mean, standev
0, NaN, NaN, NaN, NaN
1, 4.000000, 0.000000, 0.916667, 1.562583
2, 2.500000, 1.000000, 1.500000, 0.866025
