gemeratopm, max, min, mean, standev
0, NaN, NaN, NaN, NaN
1, 1.000000, 0.000000, 0.250000, 0.418330
2, 1.000000, 0.000000, 0.500000, 0.500000
