gemeratopm, max, min, mean, standev
0, NaN, NaN, NaN, NaN
1, 1900.000000, 1232.000000, 1474.666667, 229.614169
2, 1754.000000, 1425.000000, 1571.000000, 167.591766
