gemeratopm, max, min, mean, standev
0, NaN, NaN, NaN, NaN
1, 0.066667, 0.000000, 0.033333, 0.038490
2, 0.000000, 0.000000, 0.000000, 0.000000
3, 0.000000, 0.000000, 0.000000, 0.000000
