gemeratopm, max, min, mean, standev
0, NaN, NaN, NaN, NaN
1, 1.000000, 0.000000, 0.500000, 0.577350
2, 0.000000, 0.000000, 0.000000, 0.000000
3, 0.000000, 0.000000, 0.000000, 0.000000
