gemeratopm, max, min, mean, standev
1, 1150.000000, 536.000000, 981.250000, 297.244428
2, 1166.000000, 1155.000000, 1160.500000, 7.778175
