gemeratopm, max, min, mean, standev
0, 0.363684, 0.363684, 0.363684, 0.000000
