gemeratopm, max, min, mean, standev
0, 0.500000, 0.500000, 0.500000, 0.000000
