gemeratopm, max, min, mean, standev
0, 73.000000, 73.000000, 73.000000, 0.000000
