gemeratopm, max, min, mean, standev
0, 36.100000, 36.100000, 36.100000, 0.000000
