gemeratopm, max, min, mean, standev
0, 0.583158, 0.583158, 0.583158, 0.000000
