gemeratopm, max, min, mean, standev
0, 50.200000, 50.200000, 50.200000, 0.000000
