gemeratopm, max, min, mean, standev
0, 0.800000, 0.800000, 0.800000, 0.000000
