gemeratopm, max, min, mean, standev
0, 127.000000, 127.000000, 127.000000, 0.000000
