gemeratopm, max, min, mean, standev
0, 61.800000, 61.800000, 61.800000, 0.000000
