gemeratopm, max, min, mean, standev
0, NaN, NaN, NaN, NaN
1, 369.730653, 42.862495, 165.049038, 149.990229
2, 2137.084287, 390.271058, 1049.435102, 948.967203
