gemeratopm, max, min, mean, standev
0, NaN, NaN, NaN, NaN
1, 3765.000000, 1076.000000, 2760.571429, 911.439129
2, 4462.000000, 1314.000000, 3121.750000, 1322.575864
