gemeratopm, max, min, mean, standev
1, 0.000000, 0.000000, 0.000000, 0.000000
2, 0.252632, 0.068421, 0.160526, 0.130257
