gemeratopm, max, min, mean, standev
0, NaN, NaN, NaN, NaN
1, 0.226316, 0.000000, 0.096053, 0.095356
2, 0.252632, 0.000000, 0.126316, 0.178638
3, 0.500000, 0.000000, 0.250000, 0.353553
