gemeratopm, max, min, mean, standev
1, 0.000000, 0.000000, 0.000000, 0.000000
2, 0.233333, 0.066667, 0.150000, 0.117851
