gemeratopm, max, min, mean, standev
1, 0.000000, 0.000000, 0.000000, 0.000000
2, 3.500000, 1.000000, 2.250000, 1.767767
