gemeratopm, max, min, mean, standev
1, 1.000000, 1.000000, 1.000000, 0.000000
2, 1.500000, 1.000000, 1.250000, 0.353553
