gemeratopm, max, min, mean, standev
0, NaN, NaN, NaN, NaN
1, 2.000000, 1.000000, 1.250000, 0.500000
2, 1.500000, 1.000000, 1.250000, 0.353553
3, 3.000000, 1.000000, 2.000000, 1.414214
