gemeratopm, max, min, mean, standev
1, 0.000000, 0.000000, 0.000000, 0.000000
2, 1.000000, 0.500000, 0.750000, 0.353553
