gemeratopm, max, min, mean, standev
0, NaN, NaN, NaN, NaN
1, 1.500000, 0.000000, 0.625000, 0.750000
2, 0.000000, 0.000000, 0.000000, 0.000000
3, 2.500000, 0.000000, 1.250000, 1.767767
