gemeratopm, max, min, mean, standev
1, 0.000000, 0.000000, 0.000000, 0.000000
2, 1.500000, 0.500000, 1.000000, 0.707107
