gemeratopm, max, min, mean, standev
1, 3202.000000, 1038.000000, 1650.500000, 1036.991964
2, 1262.000000, 1243.000000, 1252.500000, 13.435029
