gemeratopm, max, min, mean, standev
0, NaN, NaN, NaN, NaN
1, 3127.000000, 1457.000000, 1891.500000, 823.863055
2, 2734.000000, 1964.000000, 2349.000000, 544.472222
3, 2997.000000, 1228.000000, 2112.500000, 1250.871896
