gemeratopm, max, min, mean, standev
0, 3.000000, 3.000000, 3.000000, 0.000000
