gemeratopm, max, min, mean, standev
0, 4.000000, 4.000000, 4.000000, 0.000000
