gemeratopm, max, min, mean, standev
0, 0.296842, 0.296842, 0.296842, 0.000000
