gemeratopm, max, min, mean, standev
0, 0.344737, 0.344737, 0.344737, 0.000000
