gemeratopm, max, min, mean, standev
0, 74.000000, 74.000000, 74.000000, 0.000000
