gemeratopm, max, min, mean, standev
0, 65.000000, 65.000000, 65.000000, 0.000000
