gemeratopm, max, min, mean, standev
0, 31.500000, 31.500000, 31.500000, 0.000000
