gemeratopm, max, min, mean, standev
0, 36.350000, 36.350000, 36.350000, 0.000000
