gemeratopm, max, min, mean, standev
0, 0.321053, 0.321053, 0.321053, 0.000000
