gemeratopm, max, min, mean, standev
0, 0.300000, 0.300000, 0.300000, 0.000000
