gemeratopm, max, min, mean, standev
0, 66.000000, 66.000000, 66.000000, 0.000000
