gemeratopm, max, min, mean, standev
0, 32.400000, 32.400000, 32.400000, 0.000000
