gemeratopm, max, min, mean, standev
0, 12.000000, 12.000000, 12.000000, 0.000000
