gemeratopm, max, min, mean, standev
0, 0.806667, 0.806667, 0.806667, 0.000000
