gemeratopm, max, min, mean, standev
0, 60.600000, 60.600000, 60.600000, 0.000000
