gemeratopm, max, min, mean, standev
0, NaN, NaN, NaN, NaN
1, 30125.477610, 1629.318376, 7876.033564, 11025.136617
2, 20656.327657, 5609.417038, 12629.267927, 7573.851862
