gemeratopm, max, min, mean, standev
0, NaN, NaN, NaN, NaN
1, 0.400000, 0.000000, 0.076190, 0.146204
2, 0.566667, 0.000000, 0.250000, 0.293762
