gemeratopm, max, min, mean, standev
0, NaN, NaN, NaN, NaN
1, 6.000000, 0.000000, 1.142857, 2.193063
2, 8.500000, 0.000000, 3.750000, 4.406435
