gemeratopm, max, min, mean, standev
0, NaN, NaN, NaN, NaN
1, 3.000000, 1.000000, 1.285714, 0.755929
2, 3.000000, 1.000000, 2.000000, 1.154701
