gemeratopm, max, min, mean, standev
0, NaN, NaN, NaN, NaN
1, 3599.000000, 1062.000000, 2225.857143, 1050.650501
2, 3727.000000, 1596.000000, 2283.000000, 977.465089
