gemeratopm, max, min, mean, standev
0, 0.615263, 0.615263, 0.615263, 0.000000
