gemeratopm, max, min, mean, standev
0, 0.503684, 0.503684, 0.503684, 0.000000
