gemeratopm, max, min, mean, standev
0, 82.000000, 82.000000, 82.000000, 0.000000
