gemeratopm, max, min, mean, standev
0, 99.000000, 99.000000, 99.000000, 0.000000
