gemeratopm, max, min, mean, standev
0, 0.100000, 0.100000, 0.100000, 0.000000
