gemeratopm, max, min, mean, standev
0, 39.850000, 39.850000, 39.850000, 0.000000
