gemeratopm, max, min, mean, standev
0, 47.800000, 47.800000, 47.800000, 0.000000
