gemeratopm, max, min, mean, standev
0, NaN, NaN, NaN, NaN
1, 15165.593665, 736.365595, 5627.838921, 6066.208047
2, 22074.328585, 13392.628438, 17460.619162, 4366.501578
