gemeratopm, max, min, mean, standev
0, NaN, NaN, NaN, NaN
1, 2132.000000, 705.000000, 1616.714286, 472.244186
2, 1747.000000, 1664.000000, 1698.750000, 37.142743
