gemeratopm, max, min, mean, standev
0, NaN, NaN, NaN, NaN
1, 0.163158, 0.000000, 0.027193, 0.066609
2, 0.000000, 0.000000, 0.000000, 0.000000
