gemeratopm, max, min, mean, standev
0, NaN, NaN, NaN, NaN
1, 0.200000, 0.000000, 0.033333, 0.081650
2, 0.000000, 0.000000, 0.000000, 0.000000
