gemeratopm, max, min, mean, standev
0, NaN, NaN, NaN, NaN
1, 3.000000, 0.000000, 0.500000, 1.224745
2, 0.000000, 0.000000, 0.000000, 0.000000
