gemeratopm, max, min, mean, standev
0, NaN, NaN, NaN, NaN
1, 1.500000, 1.000000, 1.083333, 0.204124
2, 1.000000, 1.000000, 1.000000, 0.000000
