gemeratopm, max, min, mean, standev
0, NaN, NaN, NaN, NaN
1, 1.000000, 0.000000, 0.166667, 0.408248
2, 0.000000, 0.000000, 0.000000, 0.000000
