gemeratopm, max, min, mean, standev
0, NaN, NaN, NaN, NaN
1, 1.500000, 0.000000, 0.250000, 0.612372
2, 0.000000, 0.000000, 0.000000, 0.000000
