gemeratopm, max, min, mean, standev
0, NaN, NaN, NaN, NaN
1, 0.500000, 0.000000, 0.083333, 0.204124
2, 0.000000, 0.000000, 0.000000, 0.000000
