gemeratopm, max, min, mean, standev
0, NaN, NaN, NaN, NaN
1, 3176.000000, 719.000000, 1401.500000, 915.045737
2, 3760.000000, 731.000000, 2729.333333, 1730.894085
