gemeratopm, max, min, mean, standev
0, 0.317895, 0.317895, 0.317895, 0.000000
