gemeratopm, max, min, mean, standev
0, 67.000000, 67.000000, 67.000000, 0.000000
