gemeratopm, max, min, mean, standev
0, 0.350000, 0.350000, 0.350000, 0.000000
