gemeratopm, max, min, mean, standev
0, 32.750000, 32.750000, 32.750000, 0.000000
